,crawl_date,domain,url,mime_type_web_server,mime_type_tika,language,content
310466,20201023,eventbrite.ie,https://www.eventbrite.ie/,text/html,text/html,en,Eventbrite - Discover Great Events or Create Your Own & Sell Tickets  Skip Main Navigation Eventbrite Organise Help Create Event Sign In Eventbrite Menu Sign In CancelPage Content We're here to helpSee our latest COVID-19 resources to stay safe and manage your events - for attendees and creators. Popular in autocomplete All Today This weekend Halloween Breast Cancer Awareness Veteran's Day Free Music Food & Drink Charity & Causes Site Navigation Use Eventbrite How It Works Pricing Eventbrite Mobile App Eventbrite Organiser App For Large & Complex Events Eventbrite App Marketplace Content Standards Event Marketing Strategy COVID-19 (Coronavirus) Resources Sitemap Plan Events Music Conference Management Software Food & Drink Charities Sell Tickets Event Listing Event Management Event Registration Online RSVP COVID-19 Safety Playbook for Events Find Events Dublin Events Galway Events Cork Events Limerick Events Kilkenny Events Waterford Events Sligo Events Wexford Events Virtual Events All Cities Connect With Us Contact Support Contact Business Development Twitter Facebook LinkedIn Instagram © 2020 Eventbrite How It Works Pricing Contact Support Contact Business Development About Blog Help Careers Press Investors Security Developers Terms Privacy Cookies Locale Ireland ArgentinaAustraliaBelgiëBelgiqueBrasilCanada (EN)Canada (FR)ChileColombiaDenmarkDeutschlandEspañaFinlandFranceHong KongIrelandItaliaMéxicoNederlandNew ZealandÖsterreichPerúPortugalSchweizSingaporeSuisseSverigeUnited KingdomUnited States
322383,20201030,eventbrite.ie,https://www.eventbrite.ie/,text/html,text/html,en,Eventbrite - Discover Great Events or Create Your Own & Sell Tickets  Skip Main Navigation Eventbrite autocomplete Organise Help Create Event Sign In Eventbrite Search button Menu Sign In autocompleteCancelPage Content Vi är här för att hjälpa tillSe våra senaste COVID-19 resurser för att hålla dig säker och hantera dina händelser - för deltagare och skapare . Popular in autocomplete Alla Today This weekend Halloween Black History Month Free Music Food & Drink Charity & Causes Site Navigation Use Eventbrite How It Works Pricing Eventbrite Mobile App Eventbrite Organiser App For Large & Complex Events Eventbrite App Marketplace Content Standards Event Marketing Strategy COVID-19 (Coronavirus) Resources Sitemap Plan Events Music Conference Management Software Food & Drink Charities Sell Tickets Event Listing Event Management Event Registration Online RSVP COVID-19 Safety Playbook for Events Find Events Dublin Events Galway Events Cork Events Limerick Events Kilkenny Events Waterford Events Sligo Events Wexford Events Virtual Events All Cities Connect With Us Contact Support Contact Business Development Twitter Facebook LinkedIn Instagram © 2020 Eventbrite How It Works Pricing Contact Support Contact Business Development About Blog Help Careers Press Investors Security Developers Terms Privacy Cookies Locale Ireland ArgentinaAustraliaBelgiëBelgiqueBrasilCanada (EN)Canada (FR)ChileColombiaDenmarkDeutschlandEspañaFinlandFranceHong KongIrelandItaliaMéxicoNederlandNew ZealandÖsterreichPerúPortugalSchweizSingaporeSuisseSverigeUnited KingdomUnited States
333224,20201106,eventbrite.ie,https://www.eventbrite.ie/,text/html,text/html,en,Eventbrite - Discover Great Events or Create Your Own & Sell Tickets  Skip Main Navigation Eventbrite autocomplete Organise Help Create Event Sign In Eventbrite Search button Menu Sign In autocompleteCancelPage Content We're here to helpSee our latest COVID-19 resources to stay safe and manage your events - for attendees and creators. Popular in autocomplete Alle Vandaag Dit weekend Veteran's Day Diwali Thanksgiving Gratis Muziek Eten en drinken Goede doelen Site Navigation Use Eventbrite How It Works Pricing Eventbrite Mobile App Eventbrite Organiser App For Large & Complex Events Eventbrite App Marketplace Content Standards Event Marketing Strategy COVID-19 (Coronavirus) Resources Sitemap Plan Events Music Conference Management Software Food & Drink Charities Sell Tickets Event Listing Event Management Event Registration Online RSVP COVID-19 Safety Playbook for Events Find Events Dublin Events Galway Events Cork Events Limerick Events Kilkenny Events Waterford Events Sligo Events Wexford Events Virtual Events All Cities Connect With Us Contact Support Contact Business Development Twitter Facebook LinkedIn Instagram © 2020 Eventbrite How It Works Pricing Contact Support Contact Business Development About Blog Help Careers Press Investors Security Developers Terms Privacy Cookies Locale Ireland ArgentinaAustraliaBelgiëBelgiqueBrasilCanada (EN)Canada (FR)ChileColombiaDenmarkDeutschlandEspañaFinlandFranceHong KongIrelandItaliaMéxicoNederlandNew ZealandÖsterreichPerúPortugalSchweizSingaporeSuisseSverigeUnited KingdomUnited States
344962,20201113,eventbrite.ie,https://www.eventbrite.ie/,text/html,text/html,en,Eventbrite - Discover Great Events or Create Your Own & Sell Tickets  Skip Main Navigation Eventbrite autocomplete Organise Help Create Event Sign In Eventbrite Search button Menu Sign In autocompleteCancelPage Content We're here to helpSee our latest COVID-19 resources to stay safe and manage your events - for attendees and creators. Popular in autocomplete All Today This weekend Diwali Thanksgiving Free Music Food & Drink Charity & Causes Site Navigation Use Eventbrite How It Works Pricing Eventbrite Mobile App Eventbrite Organiser App For Large & Complex Events Eventbrite App Marketplace Content Standards Event Marketing Strategy COVID-19 (Coronavirus) Resources Sitemap Plan Events Music Conference Management Software Food & Drink Charities Sell Tickets Event Listing Event Management Event Registration Online RSVP COVID-19 Safety Playbook for Events Find Events Dublin Events Galway Events Cork Events Limerick Events Kilkenny Events Waterford Events Sligo Events Wexford Events Virtual Events All Cities Connect With Us Contact Support Contact Business Development Twitter Facebook LinkedIn Instagram © 2020 Eventbrite How It Works Pricing Contact Support Contact Business Development About Blog Help Careers Press Investors Security Developers Terms Privacy Cookies Locale Ireland ArgentinaAustraliaBelgiëBelgiqueBrasilCanada (EN)Canada (FR)ChileColombiaDenmarkDeutschlandEspañaFinlandFranceHong KongIrelandItaliaMéxicoNederlandNew ZealandÖsterreichPerúPortugalSchweizSingaporeSuisseSverigeUnited KingdomUnited States
355562,20201120,eventbrite.ie,https://www.eventbrite.ie/,text/html,text/html,en,Eventbrite - Discover Great Events or Create Your Own & Sell Tickets  Skip Main Navigation Eventbrite autocomplete Organise Help Create Event Sign In Eventbrite Search button Menu Sign In autocompleteCancelPage Content We're here to helpSee our latest COVID-19 resources to stay safe and manage your events - for attendees and creators. Popular in autocomplete Tutti Today This weekend Free Music Food & Drink Charity & Causes Site Navigation Use Eventbrite How It Works Pricing Eventbrite Mobile App Eventbrite Organiser App For Large & Complex Events Eventbrite App Marketplace Content Standards Event Marketing Strategy COVID-19 (Coronavirus) Resources Sitemap Plan Events Music Conference Management Software Food & Drink Charities Sell Tickets Event Listing Event Management Event Registration Online RSVP COVID-19 Safety Playbook for Events Find Events Dublin Events Galway Events Cork Events Limerick Events Kilkenny Events Waterford Events Sligo Events Wexford Events Virtual Events All Cities Connect With Us Contact Support Contact Business Development Twitter Facebook LinkedIn Instagram © 2020 Eventbrite How It Works Pricing Contact Support Contact Business Development About Blog Help Careers Press Investors Security Developers Terms Privacy Cookies Locale Ireland ArgentinaAustraliaBelgiëBelgiqueBrasilCanada (EN)Canada (FR)ChileColombiaDenmarkDeutschlandEspañaFinlandFranceHong KongIrelandItaliaMéxicoNederlandNew ZealandÖsterreichPerúPortugalSchweizSingaporeSuisseSverigeUnited KingdomUnited States
367236,20201127,eventbrite.ie,https://www.eventbrite.ie/,text/html,text/html,en,Eventbrite - Discover Great Events or Create Your Own & Sell Tickets  Skip Main Navigation Eventbrite autocomplete Organise Help Sign In Eventbrite Search button Menu Sign In autocompleteCancelPage Content We're here to helpSee our latest COVID-19 resources to stay safe and manage your events - for attendees and creators. Popular in autocomplete All Today This weekend Thanksgiving Free Music Food & Drink Charity & Causes Site Navigation Use Eventbrite How It Works Pricing Eventbrite Mobile App Eventbrite Organiser App For Large & Complex Events Eventbrite App Marketplace Content Standards Event Marketing Strategy COVID-19 (Coronavirus) Resources Sitemap Plan Events Music Conference Management Software Food & Drink Charities Sell Tickets Event Listing Event Management Event Registration Online RSVP COVID-19 Safety Playbook for Events Find Events Dublin Events Galway Events Cork Events Limerick Events Kilkenny Events Waterford Events Sligo Events Wexford Events Virtual Events All Cities Connect With Us Contact Support Contact Business Development Twitter Facebook LinkedIn Instagram © 2020 Eventbrite How It Works Pricing Contact Support Contact Business Development About Blog Help Careers Press Investors Security Developers Terms Privacy Cookies Locale Ireland ArgentinaAustraliaBelgiëBelgiqueBrasilCanada (EN)Canada (FR)ChileColombiaDenmarkDeutschlandEspañaFinlandFranceHong KongIrelandItaliaMéxicoNederlandNew ZealandÖsterreichPerúPortugalSchweizSingaporeSuisseSverigeUnited KingdomUnited States
378097,20201204,eventbrite.ie,https://www.eventbrite.ie/,text/html,text/html,en,Eventbrite - Discover Great Events or Create Your Own & Sell Tickets  Skip Main Navigation Eventbrite autocomplete Host an event Help Sign In Eventbrite Search button Menu Sign In autocompleteCancelPage Content We're here to helpSee our latest COVID-19 resources to stay safe and manage your events - for attendees and creators. Popular in autocomplete Alle Today This weekend Christmas & Festivities Free Music Food & Drink Charity & Causes Site Navigation Use Eventbrite How It Works Pricing Eventbrite Mobile App Eventbrite Organiser App For Large & Complex Events Eventbrite App Marketplace Content Standards Event Marketing Strategy COVID-19 (Coronavirus) Resources Sitemap Plan Events Music Conference Management Software Food & Drink Charities Sell Tickets Event Listing Event Management Event Registration Online RSVP COVID-19 Safety Playbook for Events Find Events Dublin Events Galway Events Cork Events Limerick Events Kilkenny Events Waterford Events Sligo Events Wexford Events Virtual Events All Cities Connect With Us Contact Support Contact Business Development Twitter Facebook LinkedIn Instagram © 2020 Eventbrite How It Works Pricing Contact Support Contact Business Development About Blog Help Careers Press Investors Security Developers Terms Privacy Cookies Locale Ireland ArgentinaAustraliaBelgiëBelgiqueBrasilCanada (EN)Canada (FR)ChileColombiaDenmarkDeutschlandEspañaFinlandFranceHong KongIrelandItaliaMéxicoNederlandNew ZealandÖsterreichPerúPortugalSchweizSingaporeSuisseSverigeUnited KingdomUnited States
388021,20201211,eventbrite.ie,https://www.eventbrite.ie/,text/html,text/html,en,Eventbrite - Discover Great Events or Create Your Own & Sell Tickets  Skip Main Navigation Eventbrite autocomplete Host an event Help Sign In Eventbrite Search button Menu Sign In autocompleteCancelPage Content We're here to helpSee our latest COVID-19 resources to stay safe and manage your events - for attendees and creators. Popular in autocomplete Todos Today This weekend Christmas & Festivities New Year's Free Music Food & Drink Charity & Causes Site Navigation Use Eventbrite How It Works Pricing Eventbrite Mobile App Eventbrite Organiser App For Large & Complex Events Eventbrite App Marketplace Content Standards Event Marketing Strategy COVID-19 (Coronavirus) Resources Sitemap Plan Events Music Conference Management Software Food & Drink Charities Sell Tickets Event Listing Event Management Event Registration Online RSVP COVID-19 Safety Playbook for Events Find Events Dublin Events Galway Events Cork Events Limerick Events Kilkenny Events Waterford Events Sligo Events Wexford Events Virtual Events All Cities Connect With Us Contact Support Contact Business Development Twitter Facebook LinkedIn Instagram © 2020 Eventbrite How It Works Pricing Contact Support Contact Business Development About Blog Help Careers Press Investors Security Developers Terms Privacy Cookies Locale Ireland ArgentinaAustraliaBelgiëBelgiqueBrasilCanada (EN)Canada (FR)ChileColombiaDenmarkDeutschlandEspañaFinlandFranceHong KongIrelandItaliaMéxicoNederlandNew ZealandÖsterreichPerúPortugalSchweizSingaporeSuisseSverigeUnited KingdomUnited States
397400,20201218,eventbrite.ie,https://www.eventbrite.ie/,text/html,text/html,en,Eventbrite - Discover Great Events or Create Your Own & Sell Tickets  Skip Main Navigation Eventbrite autocomplete Organise Help Sign In Eventbrite Search button Menu Sign In autocompleteCancelPage Content We're here to helpSee our latest COVID-19 resources to stay safe and manage your events - for attendees and creators. Popular in autocomplete Todos Today This weekend Christmas & Festivities Nochevieja Free Music Food & Drink Charity & Causes Site Navigation Use Eventbrite How It Works Pricing Eventbrite Mobile App Eventbrite Organiser App For Large & Complex Events Eventbrite App Marketplace Content Standards Event Marketing Strategy COVID-19 (Coronavirus) Resources Sitemap Plan Events Music Conference Management Software Food & Drink Charities Sell Tickets Event Listing Event Management Event Registration Online RSVP COVID-19 Safety Playbook for Events Find Events Dublin Events Galway Events Cork Events Limerick Events Kilkenny Events Waterford Events Sligo Events Wexford Events Virtual Events All Cities Connect With Us Contact Support Contact Business Development Twitter Facebook LinkedIn Instagram © 2020 Eventbrite How It Works Pricing Contact Support Contact Business Development About Blog Help Careers Press Investors Security Developers Terms Privacy Cookies Locale Ireland ArgentinaAustraliaBelgiëBelgiqueBrasilCanada (EN)Canada (FR)ChileColombiaDenmarkDeutschlandEspañaFinlandFranceHong KongIrelandItaliaMéxicoNederlandNew ZealandÖsterreichPerúPortugalSchweizSingaporeSuisseSverigeUnited KingdomUnited States
406557,20201225,eventbrite.ie,https://www.eventbrite.ie/,text/html,text/html,en,Eventbrite - Discover Great Events or Create Your Own & Sell Tickets  Skip Main Navigation Eventbrite autocomplete Organise Help Sign In Eventbrite Search button Menu Sign In autocompleteCancelPage Content We're here to helpSee our latest COVID-19 resources to stay safe and manage your events - for attendees and creators. Popular in autocomplete All Today This weekend Christmas & Festivities New Year's Free Music Food & Drink Charity & Causes Site Navigation Use Eventbrite How It Works Pricing Eventbrite Mobile App Eventbrite Organiser App For Large & Complex Events Eventbrite App Marketplace Content Standards Event Marketing Strategy COVID-19 (Coronavirus) Resources Sitemap Plan Events Music Conference Management Software Food & Drink Charities Sell Tickets Event Listing Event Management Event Registration Online RSVP COVID-19 Safety Playbook for Events Find Events Dublin Events Galway Events Cork Events Limerick Events Kilkenny Events Waterford Events Sligo Events Wexford Events Virtual Events All Cities Connect With Us Contact Support Contact Business Development Twitter Facebook LinkedIn Instagram © 2020 Eventbrite How It Works Pricing Contact Support Contact Business Development About Blog Help Careers Press Investors Security Developers Terms Privacy Cookies Locale Ireland ArgentinaAustraliaBelgiëBelgiqueBrasilCanada (EN)Canada (FR)ChileColombiaDenmarkDeutschlandEspañaFinlandFranceHong KongIrelandItaliaMéxicoNederlandNew ZealandÖsterreichPerúPortugalSchweizSingaporeSuisseSverigeUnited KingdomUnited States
415766,20210101,eventbrite.ie,https://www.eventbrite.ie/,text/html,text/html,en,Eventbrite - Discover Great Events or Create Your Own & Sell Tickets  Skip Main Navigation Eventbrite autocomplete Organise Help Sign In Eventbrite Search button Menu Sign In autocompleteCancelPage Content We're here to helpSee our latest COVID-19 resources to stay safe and manage your events - for attendees and creators. Popular in autocomplete All Today This weekend Christmas & Festivities New Year's Free Music Food & Drink Charity & Causes Site Navigation Use Eventbrite How It Works Pricing Eventbrite Mobile App Eventbrite Organiser App For Large & Complex Events Eventbrite App Marketplace Content Standards Event Marketing Strategy COVID-19 (Coronavirus) Resources Sitemap Plan Events Music Conference Management Software Food & Drink Charities Sell Tickets Event Listing Event Management Event Registration Online RSVP COVID-19 Safety Playbook for Events Find Events Dublin Events Galway Events Cork Events Limerick Events Kilkenny Events Waterford Events Sligo Events Wexford Events Virtual Events All Cities Connect With Us Contact Support Contact Business Development Twitter Facebook LinkedIn Instagram © 2020 Eventbrite How It Works Pricing Contact Support Contact Business Development About Blog Help Careers Press Investors Security Developers Terms Privacy Cookies Locale Ireland ArgentinaAustraliaBelgiëBelgiqueBrasilCanada (EN)Canada (FR)ChileColombiaDenmarkDeutschlandEspañaFinlandFranceHong KongIrelandItaliaMéxicoNederlandNew ZealandÖsterreichPerúPortugalSchweizSingaporeSuisseSverigeUnited KingdomUnited States
424959,20210108,eventbrite.ie,https://www.eventbrite.ie/,text/html,text/html,en,Eventbrite - Discover Great Events or Create Your Own & Sell Tickets  Skip Main Navigation Eventbrite autocomplete Organise Help Sign In Eventbrite Search button Menu Sign In autocompleteCancelPage Content We're here to helpSee our latest COVID-19 resources to stay safe and manage your events - for attendees and creators. Popular in autocomplete All Today This weekend Women's march Free Music Food & Drink Charity & Causes Site Navigation Use Eventbrite How It Works Pricing Eventbrite Mobile App Eventbrite Organiser App For Large & Complex Events Eventbrite App Marketplace Content Standards Event Marketing Strategy COVID-19 (Coronavirus) Resources Sitemap Plan Events Music Conference Management Software Food & Drink Charities Sell Tickets Event Listing Event Management Event Registration Online RSVP COVID-19 Safety Playbook for Events Find Events Dublin Events Galway Events Cork Events Limerick Events Kilkenny Events Waterford Events Sligo Events Wexford Events Virtual Events All Cities Connect With Us Contact Support Contact Business Development Twitter Facebook LinkedIn Instagram © 2021 Eventbrite How It Works Pricing Contact Support Contact Business Development About Blog Help Careers Press Investors Security Developers Terms Privacy Cookies Locale Ireland ArgentinaAustraliaBelgiëBelgiqueBrasilCanada (EN)Canada (FR)ChileColombiaDenmarkDeutschlandEspañaFinlandFranceHong KongIrelandItaliaMéxicoNederlandNew ZealandÖsterreichPerúPortugalSchweizSingaporeSuisseSverigeUnited KingdomUnited States
434331,20210115,eventbrite.ie,https://www.eventbrite.ie/,text/html,text/html,en,Eventbrite - Discover Great Events or Create Your Own & Sell Tickets  Skip Main Navigation Eventbrite autocomplete Host an event Help Sign In Eventbrite Search button Menu Sign In autocompleteCancelPage Content We're here to helpSee our latest COVID-19 resources to stay safe and manage your events - for attendees and creators. Popular in autocomplete All Today This weekend Women's march Free Music Food & Drink Charity & Causes Site Navigation Use Eventbrite How It Works Pricing Eventbrite Mobile App Eventbrite Organiser App For Large & Complex Events Eventbrite App Marketplace Content Standards Event Marketing Strategy COVID-19 (Coronavirus) Resources Sitemap Plan Events Music Conference Management Software Food & Drink Charities Sell Tickets Event Listing Event Management Event Registration Online RSVP COVID-19 Safety Playbook for Events Find Events Dublin Events Galway Events Cork Events Limerick Events Kilkenny Events Waterford Events Sligo Events Wexford Events Virtual Events All Cities Connect With Us Contact Support Contact Business Development Twitter Facebook LinkedIn Instagram © 2021 Eventbrite How It Works Pricing Contact Support Contact Business Development About Blog Help Careers Press Investors Security Developers Terms Privacy Cookies Locale Ireland ArgentinaAustraliaBelgiëBelgiqueBrasilCanada (EN)Canada (FR)ChileColombiaDenmarkDeutschlandEspañaFinlandFranceHong KongIrelandItaliaMéxicoNederlandNew ZealandÖsterreichPerúPortugalSchweizSingaporeSuisseSverigeUnited KingdomUnited States
443489,20210122,eventbrite.ie,https://www.eventbrite.ie/,text/html,text/html,en,Eventbrite - Discover Great Events or Create Your Own & Sell Tickets  Skip Main Navigation Eventbrite autocomplete Host an event Help Sign In Eventbrite Search button Menu Sign In autocompleteCancelPage Content We're here to helpSee our latest COVID-19 resources to stay safe and manage your events - for attendees and creators. Popular in autocomplete Alle Heute Dieses Wochenende Chinese new year Women's march Kostenlos Musik Essen und Trinken Wohltätigkeits- und Spendenaktionen Site Navigation Use Eventbrite How It Works Pricing Eventbrite Mobile App Eventbrite Organiser App For Large & Complex Events Eventbrite App Marketplace Content Standards Event Marketing Strategy COVID-19 (Coronavirus) Resources Sitemap Plan Events Music Conference Management Software Food & Drink Charities Sell Tickets Event Listing Event Management Event Registration Online RSVP COVID-19 Safety Playbook for Events Find Events Dublin Events Galway Events Cork Events Limerick Events Kilkenny Events Waterford Events Sligo Events Wexford Events Virtual Events All Cities Connect With Us Contact Support Contact Business Development Twitter Facebook LinkedIn Instagram © 2021 Eventbrite How It Works Pricing Contact Support Contact Business Development About Blog Help Careers Press Investors Security Developers Terms Privacy Cookies Locale Ireland ArgentinaAustraliaBelgiëBelgiqueBrasilCanada (EN)Canada (FR)ChileColombiaDenmarkDeutschlandEspañaFinlandFranceHong KongIrelandItaliaMéxicoNederlandNew ZealandÖsterreichPerúPortugalSchweizSingaporeSuisseSverigeUnited KingdomUnited States
453524,20210129,eventbrite.ie,https://www.eventbrite.ie/,text/html,text/html,en,Eventbrite - Discover Great Events or Create Your Own & Sell Tickets  Skip Main Navigation Eventbrite autocomplete Organise Help Sign In Eventbrite Search button Menu Sign In autocompleteCancelPage Content We're here to helpSee our latest COVID-19 resources to stay safe and manage your events - for attendees and creators. Popular in autocomplete All Heute Dieses Wochenende Chinese new year Valentine's Day Women's march Kostenlos Musik Essen und Trinken Wohltätigkeits- und Spendenaktionen Site Navigation Use Eventbrite How It Works Pricing Eventbrite Mobile App Eventbrite Organiser App For Large & Complex Events Eventbrite App Marketplace Content Standards Event Marketing Strategy COVID-19 (Coronavirus) Resources Sitemap Plan Events Music Conference Management Software Food & Drink Charities Sell Tickets Event Listing Event Management Event Registration Online RSVP COVID-19 Safety Playbook for Events Find Events Dublin Events Galway Events Cork Events Limerick Events Kilkenny Events Waterford Events Sligo Events Wexford Events Virtual Events All Cities Connect With Us Contact Support Contact Business Development Twitter Facebook LinkedIn Instagram © 2021 Eventbrite How It Works Pricing Contact Support Contact Business Development About Blog Help Careers Press Investors Security Developers Terms Privacy Cookies Locale Ireland ArgentinaAustraliaBelgiëBelgiqueBrasilCanada (EN)Canada (FR)ChileColombiaDenmarkDeutschlandEspañaFinlandFranceHong KongIrelandItaliaMéxicoNederlandNew ZealandÖsterreichPerúPortugalSchweizSingaporeSuisseSverigeUnited KingdomUnited States
463653,20210205,eventbrite.ie,https://www.eventbrite.ie/,text/html,text/html,en,Eventbrite - Discover Great Events or Create Your Own & Sell Tickets  Skip Main Navigation Eventbrite autocomplete Host an event Help Sign In Eventbrite Search button Menu Sign In autocompleteCancelPage Content We're here to helpSee our latest COVID-19 resources to stay safe and manage your events - for attendees and creators. Popular in autocomplete All Today This weekend Chinese new year Valentine's Day Sports Free Music Food & Drink Charity & Causes Site Navigation Use Eventbrite How It Works Pricing Eventbrite Mobile App Eventbrite Organiser App For Large & Complex Events Eventbrite App Marketplace Content Standards Event Marketing Strategy COVID-19 (Coronavirus) Resources Sitemap Plan Events Music Conference Management Software Food & Drink Charities Sell Tickets Event Listing Event Management Event Registration Online RSVP COVID-19 Safety Playbook for Events Find Events Dublin Events Galway Events Cork Events Limerick Events Kilkenny Events Waterford Events Sligo Events Wexford Events Virtual Events All Cities Connect With Us Contact Support Contact Business Development Twitter Facebook LinkedIn Instagram © 2021 Eventbrite How It Works Pricing Contact Support Contact Business Development About Blog Help Careers Press Investors Security Developers Terms Privacy Cookies Locale Ireland ArgentinaAustraliaBelgiëBelgiqueBrasilCanada (EN)Canada (FR)ChileColombiaDenmarkDeutschlandEspañaFinlandFranceHong KongIrelandItaliaMéxicoNederlandNew ZealandÖsterreichPerúPortugalSchweizSingaporeSuisseSverigeUnited KingdomUnited States
473932,20210212,eventbrite.ie,https://www.eventbrite.ie/,text/html,text/html,en,Eventbrite - Discover Great Events or Create Your Own & Sell Tickets  Skip Main Navigation Eventbrite autocomplete Organise Help Sign In Eventbrite Search button Menu Sign In autocompleteCancelPage Content We're here to helpSee our latest COVID-19 resources to stay safe and manage your events - for attendees and creators. Popular in autocomplete All Today This weekend Chinese new year Valentine's Day Sports Free Music Food & Drink Charity & Causes Site Navigation Use Eventbrite How It Works Pricing Eventbrite Mobile App Eventbrite Organiser App For Large & Complex Events Eventbrite App Marketplace Content Standards Event Marketing Strategy COVID-19 (Coronavirus) Resources Sitemap Plan Events Music Conference Management Software Food & Drink Charities Sell Tickets Event Listing Event Management Event Registration Online RSVP COVID-19 Safety Playbook for Events Find Events Dublin Events Galway Events Cork Events Limerick Events Kilkenny Events Waterford Events Sligo Events Wexford Events Virtual Events All Cities Connect With Us Contact Support Contact Business Development Twitter Facebook LinkedIn Instagram © 2021 Eventbrite How It Works Pricing Contact Support Contact Business Development About Blog Help Careers Press Investors Security Developers Terms Privacy Cookies Locale Ireland ArgentinaAustraliaBelgiëBelgiqueBrasilCanada (EN)Canada (FR)ChileColombiaDenmarkDeutschlandEspañaFinlandFranceHong KongIrelandItaliaMéxicoNederlandNew ZealandÖsterreichPerúPortugalSchweizSingaporeSuisseSverigeUnited KingdomUnited States
484041,20210219,eventbrite.ie,https://www.eventbrite.ie/,text/html,text/html,en,Eventbrite - Discover Great Events or Create Your Own & Sell Tickets  Skip Main Navigation Eventbrite autocomplete Organise Help Sign In Eventbrite Search button Menu Sign In autocompleteCancelPage Content We're here to helpSee our latest COVID-19 resources to stay safe and manage your events - for attendees and creators. Popular in autocomplete All Hoy Este fin de semana Sports Gratis Música Gastronomía Solidaridad Site Navigation Use Eventbrite How It Works Pricing Eventbrite Mobile App Eventbrite Organiser App For Large & Complex Events Eventbrite App Marketplace Content Standards Event Marketing Strategy COVID-19 (Coronavirus) Resources Sitemap Plan Events Music Conference Management Software Food & Drink Charities Sell Tickets Event Listing Event Management Event Registration Online RSVP COVID-19 Safety Playbook for Events Find Events Dublin Events Galway Events Cork Events Limerick Events Kilkenny Events Waterford Events Sligo Events Wexford Events Virtual Events All Cities Connect With Us Contact Support Contact Business Development Twitter Facebook LinkedIn Instagram © 2021 Eventbrite How It Works Pricing Contact Support Contact Business Development About Blog Help Careers Press Investors Security Developers Terms Privacy Cookies Locale Ireland ArgentinaAustraliaBelgiëBelgiqueBrasilCanada (EN)Canada (FR)ChileColombiaDenmarkDeutschlandEspañaFinlandFranceHong KongIrelandItaliaMéxicoNederlandNew ZealandÖsterreichPerúPortugalSchweizSingaporeSuisseSverigeUnited KingdomUnited States
494306,20210226,eventbrite.ie,https://www.eventbrite.ie/,text/html,text/html,en,Eventbrite - Discover Great Events or Create Your Own & Sell Tickets  Skip Main Navigation Eventbrite autocomplete Host an event Help Sign In Eventbrite Search button Menu Sign In autocompleteCancelPage Content We're here to helpSee our latest COVID-19 resources to stay safe and manage your events - for attendees and creators. Popular in autocomplete All Heute Dieses Wochenende Sports International Women's Day Kostenlos Musik Essen und Trinken Wohltätigkeits- und Spendenaktionen Site Navigation Use Eventbrite How It Works Pricing Eventbrite Mobile App Eventbrite Organiser App For Large & Complex Events Eventbrite App Marketplace Content Standards Event Marketing Strategy COVID-19 (Coronavirus) Resources Sitemap Plan Events Music Conference Management Software Food & Drink Charities Sell Tickets Event Listing Event Management Event Registration Online RSVP COVID-19 Safety Playbook for Events Find Events Dublin Events Galway Events Cork Events Limerick Events Kilkenny Events Waterford Events Sligo Events Wexford Events Virtual Events All Cities Connect With Us Contact Support Contact Business Development Twitter Facebook LinkedIn Instagram © 2021 Eventbrite How It Works Pricing Contact Support Contact Business Development About Blog Help Careers Press Investors Security Developers Terms Privacy Cookies Locale Ireland ArgentinaAustraliaBelgiëBelgiqueBrasilCanada (EN)Canada (FR)ChileColombiaDenmarkDeutschlandEspañaFinlandFranceHong KongIrelandItaliaMéxicoNederlandNew ZealandÖsterreichPerúPortugalSchweizSingaporeSuisseSverigeUnited KingdomUnited States
504625,20210305,eventbrite.ie,https://www.eventbrite.ie/,text/html,text/html,en,Eventbrite - Discover Great Events or Create Your Own & Sell Tickets  Skip Main Navigation Eventbrite autocomplete Organise Help Sign In Eventbrite Search button Menu Sign In autocompleteCancelPage Content We're here to helpSee our latest COVID-19 resources to stay safe and manage your events - for attendees and creators. Popular in autocomplete Todos Today This weekend St Patrick's Day Sports Women's Day Día de la Madre Free Music Food & Drink Charity & Causes Site Navigation Use Eventbrite How It Works Pricing Eventbrite Mobile App Eventbrite Organiser App For Large & Complex Events Eventbrite App Marketplace Content Standards Event Marketing Strategy COVID-19 (Coronavirus) Resources Sitemap Plan Events Music Conference Management Software Food & Drink Charities Sell Tickets Event Listing Event Management Event Registration Online RSVP COVID-19 Safety Playbook for Events Find Events Dublin Events Galway Events Cork Events Limerick Events Kilkenny Events Waterford Events Sligo Events Wexford Events Virtual Events All Cities Connect With Us Contact Support Contact Business Development Twitter Facebook LinkedIn Instagram © 2021 Eventbrite How It Works Pricing Contact Support Contact Business Development About Blog Help Careers Press Investors Security Developers Terms Privacy Cookies Locale Ireland ArgentinaAustraliaBelgiëBelgiqueBrasilCanada (EN)Canada (FR)ChileColombiaDenmarkDeutschlandEspañaFinlandFranceHong KongIrelandItaliaMéxicoNederlandNew ZealandÖsterreichPerúPortugalSchweizSingaporeSuisseSverigeUnited KingdomUnited States
514857,20210312,eventbrite.ie,https://www.eventbrite.ie/,text/html,text/html,en,Eventbrite - Discover Great Events or Create Your Own & Sell Tickets  Skip Main Navigation Eventbrite autocomplete Host an event Help Sign In Eventbrite Search button Menu Sign In autocompleteCancelPage Content We're here to helpSee our latest COVID-19 resources to stay safe and manage your events - for attendees and creators. Popular in autocomplete Todos Today This weekend St Patrick's Day Sports Dia das Mães Free Music Food & Drink Charity & Causes Site Navigation Use Eventbrite How It Works Pricing Eventbrite Mobile App Eventbrite Organiser App For Large & Complex Events Eventbrite App Marketplace Content Standards Event Marketing Strategy COVID-19 (Coronavirus) Resources Sitemap Plan Events Music Conference Management Software Food & Drink Charities Sell Tickets Event Listing Event Management Event Registration Online RSVP COVID-19 Safety Playbook for Events Find Events Dublin Events Galway Events Cork Events Limerick Events Kilkenny Events Waterford Events Sligo Events Wexford Events Virtual Events All Cities Connect With Us Contact Support Contact Business Development Twitter Facebook LinkedIn Instagram © 2021 Eventbrite How It Works Pricing Contact Support Contact Business Development About Blog Help Careers Press Investors Security Developers Terms Privacy Cookies Locale Ireland ArgentinaAustraliaBelgiëBelgiqueBrasilCanada (EN)Canada (FR)ChileColombiaDenmarkDeutschlandEspañaFinlandFranceHong KongIrelandItaliaMéxicoNederlandNew ZealandÖsterreichPerúPortugalSchweizSingaporeSuisseSverigeUnited KingdomUnited States
524880,20210319,eventbrite.ie,https://www.eventbrite.ie/,text/html,application/xhtml+xml,en,Eventbrite - Discover Great Events or Create Your Own & Sell Tickets  Skip Main Navigation Eventbrite autocomplete Host an event Help Sign In Eventbrite Search button Menu Sign In autocompleteCancelPage Content We're here to helpSee our latest COVID-19 resources to stay safe and manage your events - for attendees and creators. Popular in autocomplete All Today This weekend Sports Free Music Food & Drink Charity & Causes Site Navigation Use Eventbrite How It Works Pricing Eventbrite Mobile App Eventbrite Organiser App For Large & Complex Events Eventbrite App Marketplace Content Standards Event Marketing Strategy COVID-19 (Coronavirus) Resources Sitemap Plan Events Music Conference Management Software Food & Drink Charities Sell Tickets Event Listing Event Management Event Registration Online RSVP COVID-19 Safety Playbook for Events Find Events Dublin Events Galway Events Cork Events Limerick Events Kilkenny Events Waterford Events Sligo Events Wexford Events Virtual Events All Cities Connect With Us Contact Support Contact Business Development Twitter Facebook LinkedIn Instagram © 2021 Eventbrite How It Works Pricing Contact Support Contact Business Development About Blog Help Careers Press Investors Security Developers Terms Privacy Cookies Locale Ireland ArgentinaAustraliaBelgiëBelgiqueBrasilCanada (EN)Canada (FR)ChileColombiaDenmarkDeutschlandEspañaFinlandFranceHong KongIrelandItaliaMéxicoNederlandNew ZealandÖsterreichPerúPortugalSchweizSingaporeSuisseSverigeUnited KingdomUnited States
533845,20210326,eventbrite.ie,https://www.eventbrite.ie/,text/html,application/xhtml+xml,en,Eventbrite - Discover Great Events or Create Your Own & Sell Tickets  Skip Main Navigation Eventbrite autocomplete Organise Help Sign In Eventbrite Search button Menu Sign In autocompleteCancelPage Content We're here to helpSee our latest COVID-19 resources to stay safe and manage your events - for attendees and creators. Popular in autocomplete All Today This weekend Sports Free Music Food & Drink Charity & Causes Site Navigation Use Eventbrite How It Works Pricing Eventbrite Mobile App Eventbrite Organiser App For Large & Complex Events Eventbrite App Marketplace Content Standards Event Marketing Strategy COVID-19 (Coronavirus) Resources Sitemap Plan Events Music Conference Management Software Food & Drink Charities Sell Tickets Event Listing Event Management Event Registration Online RSVP COVID-19 Safety Playbook for Events Find Events Dublin Events Galway Events Cork Events Limerick Events Kilkenny Events Waterford Events Sligo Events Wexford Events Virtual Events All Cities Connect With Us Contact Support Contact Business Development Twitter Facebook LinkedIn Instagram © 2021 Eventbrite How It Works Pricing Contact Support Contact Business Development About Blog Help Careers Press Investors Security Developers Terms Privacy Cookies Locale Ireland ArgentinaAustraliaBelgiëBelgiqueBrasilCanada (EN)Canada (FR)ChileColombiaDenmarkDeutschlandEspañaFinlandFranceHong KongIrelandItaliaMéxicoNederlandNew ZealandÖsterreichPerúPortugalSchweizSingaporeSuisseSverigeUnited KingdomUnited States
544461,20210402,eventbrite.ie,https://www.eventbrite.ie/,text/html,application/xhtml+xml,en,Eventbrite - Discover Great Events or Create Your Own & Sell Tickets  Skip Main Navigation Eventbrite autocomplete Host an event Help Sign In Eventbrite Search button Menu Sign In autocompleteCancelPage Content We're here to helpSee our latest COVID-19 resources to stay safe and manage your events - for attendees and creators. Popular in autocomplete All Heute Dieses Wochenende Earth Day Easter Kostenlos Musik Essen und Trinken Wohltätigkeitsanlässe Site Navigation Use Eventbrite How It Works Pricing Eventbrite Mobile App Eventbrite Organiser App For Large & Complex Events Eventbrite App Marketplace Content Standards Event Marketing Strategy COVID-19 (Coronavirus) Resources Sitemap Plan Events Music Conference Management Software Food & Drink Charities Sell Tickets Event Listing Event Management Event Registration Online RSVP COVID-19 Safety Playbook for Events Find Events Dublin Events Galway Events Cork Events Limerick Events Kilkenny Events Waterford Events Sligo Events Wexford Events Virtual Events All Cities Connect With Us Contact Support Contact Business Development Twitter Facebook LinkedIn Instagram © 2021 Eventbrite How It Works Pricing Contact Support Contact Business Development About Blog Help Careers Press Investors Security Developers Terms Privacy Cookies Locale Ireland ArgentinaAustraliaBelgiëBelgiqueBrasilCanada (EN)Canada (FR)ChileColombiaDenmarkDeutschlandEspañaFinlandFranceHong KongIrelandItaliaMéxicoNederlandNew ZealandÖsterreichPerúPortugalSchweizSingaporeSuisseSverigeUnited KingdomUnited States
555078,20210409,eventbrite.ie,https://www.eventbrite.ie/,text/html,application/xhtml+xml,en,Eventbrite - Discover Great Events or Create Your Own & Sell Tickets  Skip Main Navigation Eventbrite autocomplete Organise Help Sign In Eventbrite Search button Menu Sign In autocompleteCancelPage Content We're here to helpSee our latest COVID-19 resources to stay safe and manage your events - for attendees and creators. Popular in autocomplete All Hoy Este fin de semana Earth Day Gratuito Música Gastronomía Solidaridad Site Navigation Use Eventbrite How It Works Pricing Eventbrite Mobile App Eventbrite Organiser App For Large & Complex Events Eventbrite App Marketplace Content Standards Event Marketing Strategy COVID-19 (Coronavirus) Resources Sitemap Plan Events Music Conference Management Software Food & Drink Charities Sell Tickets Event Listing Event Management Event Registration Online RSVP COVID-19 Safety Playbook for Events Find Events Dublin Events Galway Events Cork Events Limerick Events Kilkenny Events Waterford Events Sligo Events Wexford Events Virtual Events All Cities Connect With Us Contact Support Contact Business Development Twitter Facebook LinkedIn Instagram © 2021 Eventbrite How It Works Pricing Contact Support Contact Business Development About Blog Help Careers Press Investors Security Developers Terms Privacy Cookies Locale Ireland ArgentinaAustraliaBelgiëBelgiqueBrasilCanada (EN)Canada (FR)ChileColombiaDenmarkDeutschlandEspañaFinlandFranceHong KongIrelandItaliaMéxicoNederlandNew ZealandÖsterreichPerúPortugalSchweizSingaporeSuisseSverigeUnited KingdomUnited States
565256,20210416,eventbrite.ie,https://www.eventbrite.ie/,text/html,application/xhtml+xml,en,Eventbrite - Discover Great Events or Create Your Own & Sell Tickets  Skip Main Navigation Eventbrite autocomplete Organise Help Sign In Eventbrite Search button Menu Sign In autocompleteCancelPage Content Estamos aquí para ayudarteConsulta nuestros últimos recursos sobre el COVID-19 para permanecer a salvo y gestionar tus eventos; para asistentes y organizadores. Popular in autocomplete Todos Today This weekend Earth Day Mother's Day Mother's Day Free Music Food & Drink Charity & Causes Site Navigation Use Eventbrite How It Works Pricing Eventbrite Mobile App Eventbrite Organiser App For Large & Complex Events Eventbrite App Marketplace Content Standards Event Marketing Strategy COVID-19 (Coronavirus) Resources Sitemap Plan Events Music Conference Management Software Food & Drink Charities Sell Tickets Event Listing Event Management Event Registration Online RSVP COVID-19 Safety Playbook for Events Find Events Dublin Events Galway Events Cork Events Limerick Events Kilkenny Events Waterford Events Sligo Events Wexford Events Virtual Events All Cities Connect With Us Contact Support Contact Business Development Twitter Facebook LinkedIn Instagram © 2021 Eventbrite How It Works Pricing Contact Support Contact Business Development About Blog Help Careers Press Investors Security Developers Terms Privacy Cookies Locale Ireland ArgentinaAustraliaBelgiëBelgiqueBrasilCanada (EN)Canada (FR)ChileColombiaDenmarkDeutschlandEspañaFinlandFranceHong KongIrelandItaliaMéxicoNederlandNew ZealandÖsterreichPerúPortugalSchweizSingaporeSuisseSverigeUnited KingdomUnited States
575566,20210423,eventbrite.ie,https://www.eventbrite.ie/,text/html,application/xhtml+xml,en,"Eventbrite - Discover Great Events or Create Your Own & Sell Tickets  Skip Main Navigation Eventbrite autocomplete Organise Help Sign In Eventbrite Search button Menu Sign In autocompleteCancelPage Content The event for event creators is hereIntroducing RECONVENE, a free, two-day virtual networking and skillsharing summit about the future of events. Register now to explore where the industry is heading — and where you’d like to take it. Popular in autocomplete All Today This weekend Mother's Day Mother's Day Free Music Food & Drink Charity & Causes Site Navigation Use Eventbrite How It Works Pricing Eventbrite Mobile App Eventbrite Organiser App For Large & Complex Events Eventbrite App Marketplace Content Standards Event Marketing Strategy COVID-19 (Coronavirus) Resources Sitemap Plan Events Music Conference Management Software Food & Drink Charities Sell Tickets Event Listing Event Management Event Registration Online RSVP COVID-19 Safety Playbook for Events Find Events Dublin Events Galway Events Cork Events Limerick Events Kilkenny Events Waterford Events Sligo Events Wexford Events Virtual Events All Cities Connect With Us Contact Support Contact Business Development Twitter Facebook LinkedIn Instagram © 2021 Eventbrite How It Works Pricing Contact Support Contact Business Development About Blog Help Careers Press Investors Security Developers Terms Privacy Cookies Locale Ireland ArgentinaAustraliaBelgiëBelgiqueBrasilCanada (EN)Canada (FR)ChileColombiaDenmarkDeutschlandEspañaFinlandFranceHong KongIrelandItaliaMéxicoNederlandNew ZealandÖsterreichPerúPortugalSchweizSingaporeSuisseSverigeUnited KingdomUnited States"
585947,20210430,eventbrite.ie,https://www.eventbrite.ie/,text/html,application/xhtml+xml,en,"Eventbrite - Discover Great Events or Create Your Own & Sell Tickets  Skip Main Navigation Eventbrite autocomplete Host an event Help Sign In Eventbrite Search button Menu Sign In autocompleteCancelPage Content The event for event creators is hereIntroducing RECONVENE, a free, two-day virtual networking and skillsharing summit about the future of events. Register now to explore where the industry is heading — and where you’d like to take it. Popular in autocomplete Alle Today This weekend Mother's Day Free Music Food & Drink Charity & Causes Site Navigation Use Eventbrite How It Works Pricing Eventbrite Mobile App Eventbrite Organiser App For Large & Complex Events Eventbrite App Marketplace Content Standards Event Marketing Strategy COVID-19 (Coronavirus) Resources Sitemap Plan Events Music Conference Management Software Food & Drink Charities Sell Tickets Event Listing Event Management Event Registration Online RSVP COVID-19 Safety Playbook for Events Find Events Dublin Events Galway Events Cork Events Limerick Events Kilkenny Events Waterford Events Sligo Events Wexford Events Virtual Events All Cities Connect With Us Contact Support Contact Business Development Twitter Facebook LinkedIn Instagram © 2021 Eventbrite How It Works Pricing Contact Support Contact Business Development About Blog Help Careers Press Investors Security Developers Terms Privacy Cookies Locale Ireland ArgentinaAustraliaBelgiëBelgiqueBrasilCanada (EN)Canada (FR)ChileColombiaDenmarkDeutschlandEspañaFinlandFranceHong KongIrelandItaliaMéxicoNederlandNew ZealandÖsterreichPerúPortugalSchweizSingaporeSuisseSverigeUnited KingdomUnited States"
596675,20210507,eventbrite.ie,https://www.eventbrite.ie/,text/html,application/xhtml+xml,en,Eventbrite - Discover Great Events or Create Your Own & Sell Tickets  Skip Main Navigation Eventbrite autocomplete Organise Help Sign In Eventbrite Search button Menu Sign In autocompleteCancelPage Content We're here to helpSee our latest COVID-19 resources to stay safe and manage your events - for attendees and creators. Popular in autocomplete All Heute Dieses Wochenende Mindful in May Mother's Day Kostenlos Musik Essen und Trinken Wohltätigkeitsanlässe Site Navigation Use Eventbrite How It Works Pricing Eventbrite Mobile App Eventbrite Organiser App For Large & Complex Events Eventbrite App Marketplace Content Standards Event Marketing Strategy COVID-19 (Coronavirus) Resources Sitemap Plan Events Music Conference Management Software Food & Drink Charities Sell Tickets Event Listing Event Management Event Registration Online RSVP COVID-19 Safety Playbook for Events Find Events Dublin Events Galway Events Cork Events Limerick Events Kilkenny Events Waterford Events Sligo Events Wexford Events Virtual Events All Cities Connect With Us Contact Support Contact Business Development Twitter Facebook LinkedIn Instagram © 2021 Eventbrite How It Works Pricing Contact Support Contact Business Development About Blog Help Careers Press Investors Security Developers Terms Privacy Cookies Locale Ireland ArgentinaAustraliaBelgiëBelgiqueBrasilCanada (EN)Canada (FR)ChileColombiaDenmarkDeutschlandEspañaFinlandFranceHong KongIrelandItaliaMéxicoNederlandNew ZealandÖsterreichPerúPortugalSchweizSingaporeSuisseSverigeUnited KingdomUnited States
607076,20210514,eventbrite.ie,https://www.eventbrite.ie/,text/html,application/xhtml+xml,en,Eventbrite - Discover Great Events or Create Your Own & Sell Tickets  Skip Main Navigation Eventbrite autocomplete Organise Help Sign In Eventbrite Search button Menu Sign In autocompleteCancelPage Content We're here to helpSee our latest COVID-19 resources to stay safe and manage your events - for attendees and creators. Popular in autocomplete All Today This weekend Mindful in May Mental Health Awareness Month Free Music Food & Drink Charity & Causes Site Navigation Use Eventbrite How It Works Pricing Eventbrite Mobile App Eventbrite Organiser App For Large & Complex Events Eventbrite App Marketplace Content Standards Event Marketing Strategy COVID-19 (Coronavirus) Resources Sitemap Plan Events Music Conference Management Software Food & Drink Charities Sell Tickets Event Listing Event Management Event Registration Online RSVP COVID-19 Safety Playbook for Events Find Events Dublin Events Galway Events Cork Events Limerick Events Kilkenny Events Waterford Events Sligo Events Wexford Events Virtual Events All Cities Connect With Us Contact Support Contact Business Development Twitter Facebook LinkedIn Instagram © 2021 Eventbrite How It Works Pricing Contact Support Contact Business Development About Blog Help Careers Press Investors Security Developers Terms Privacy Cookies Locale Ireland ArgentinaAustraliaBelgiëBelgiqueBrasilCanada (EN)Canada (FR)ChileColombiaDenmarkDeutschlandEspañaFinlandFranceHong KongIrelandItaliaMéxicoNederlandNew ZealandÖsterreichPerúPortugalSchweizSingaporeSuisseSverigeUnited KingdomUnited States
617613,20210521,eventbrite.ie,https://www.eventbrite.ie/,text/html,application/xhtml+xml,en,Eventbrite - Discover Great Events or Create Your Own & Sell Tickets  Skip Main Navigation Eventbrite autocomplete Organize Help Sign In Eventbrite Search button Menu Sign In autocompleteCancelPage Content We zijn er om je te helpenCOVID-19: Bekijk onze nieuwste middelen om veilig te blijven en je evenementen te beheren - voor bezoekers en organisatoren. Popular in autocomplete All Today This weekend Memorial Day Mental Health Awareness Month Free Music Food & Drink Charity & Causes Site Navigation Use Eventbrite How It Works Pricing Eventbrite Mobile App Eventbrite Organiser App For Large & Complex Events Eventbrite App Marketplace Content Standards Event Marketing Strategy COVID-19 (Coronavirus) Resources Sitemap Plan Events Music Conference Management Software Food & Drink Charities Sell Tickets Event Listing Event Management Event Registration Online RSVP COVID-19 Safety Playbook for Events Find Events Dublin Events Galway Events Cork Events Limerick Events Kilkenny Events Waterford Events Sligo Events Wexford Events Virtual Events All Cities Connect With Us Contact Support Contact Business Development Twitter Facebook LinkedIn Instagram © 2021 Eventbrite How It Works Pricing Contact Support Contact Business Development About Blog Help Careers Press Investors Security Developers Terms Privacy Cookies Locale Ireland ArgentinaAustraliaBelgiëBelgiqueBrasilCanada (EN)Canada (FR)ChileColombiaDenmarkDeutschlandEspañaFinlandFranceHong KongIrelandItaliaMéxicoNederlandNew ZealandÖsterreichPerúPortugalSchweizSingaporeSuisseSverigeUnited KingdomUnited States
628062,20210528,eventbrite.ie,https://www.eventbrite.ie/,text/html,application/xhtml+xml,en,Eventbrite - Discover Great Events or Create Your Own & Sell Tickets  Skip Main Navigation Eventbrite autocomplete Organize Help Sign In Eventbrite Search button Menu Sign In autocompleteCancelPage Content We're here to helpSee our latest COVID-19 resources to stay safe and manage your events - for attendees and creators. Popular in autocomplete All Today This weekend Memorial Day Mental Health Awareness Month Free Music Food & Drink Charity & Causes Site Navigation Use Eventbrite How It Works Pricing Eventbrite Mobile App Eventbrite Organiser App For Large & Complex Events Eventbrite App Marketplace Content Standards Event Marketing Strategy COVID-19 (Coronavirus) Resources Sitemap Plan Events Music Conference Management Software Food & Drink Charities Sell Tickets Event Listing Event Management Event Registration Online RSVP COVID-19 Safety Playbook for Events Find Events Dublin Events Galway Events Cork Events Limerick Events Kilkenny Events Waterford Events Sligo Events Wexford Events Virtual Events All Cities Connect With Us Contact Support Contact Business Development Twitter Facebook LinkedIn Instagram © 2021 Eventbrite How It Works Pricing Contact Support Contact Business Development About Blog Help Careers Press Investors Security Developers Terms Privacy Cookies Locale Ireland ArgentinaAustraliaBelgiëBelgiqueBrasilCanada (EN)Canada (FR)ChileColombiaDenmarkDeutschlandEspañaFinlandFranceHong KongIrelandItaliaMéxicoNederlandNew ZealandÖsterreichPerúPortugalSchweizSingaporeSuisseSverigeUnited KingdomUnited States
638600,20210604,eventbrite.ie,https://www.eventbrite.ie/,text/html,application/xhtml+xml,en,Eventbrite - Discover Great Events or Create Your Own & Sell Tickets  Skip Main Navigation Eventbrite autocomplete Organize Help Sign In Eventbrite Search button Menu Sign In autocompleteCancelPage Content We're here to helpSee our latest COVID-19 resources to stay safe and manage your events - for attendees and creators. Popular in autocomplete All For you Today This weekend Father's Day Father's Day Father's Day Free Music Food & Drink Charity & Causes Site Navigation Use Eventbrite How It Works Pricing Eventbrite Mobile App Eventbrite Organiser App For Large & Complex Events Eventbrite App Marketplace Content Standards Event Marketing Strategy COVID-19 (Coronavirus) Resources Sitemap Plan Events Music Conference Management Software Food & Drink Charities Sell Tickets Event Listing Event Management Event Registration Online RSVP COVID-19 Safety Playbook for Events Find Events Dublin Events Galway Events Cork Events Limerick Events Kilkenny Events Waterford Events Sligo Events Wexford Events Virtual Events All Cities Connect With Us Contact Support Contact Business Development Twitter Facebook LinkedIn Instagram © 2021 Eventbrite How It Works Pricing Contact Support Contact Business Development About Blog Help Careers Press Investors Security Developers Terms Privacy Cookies Locale Ireland ArgentinaAustraliaBelgiëBelgiqueBrasilCanada (EN)Canada (FR)ChileColombiaDenmarkDeutschlandEspañaFinlandFranceHong KongIrelandItaliaMéxicoNederlandNew ZealandÖsterreichPerúPortugalSchweizSingaporeSuisseSverigeUnited KingdomUnited States
649211,20210611,eventbrite.ie,https://www.eventbrite.ie/,text/html,application/xhtml+xml,en,Eventbrite - Discover Great Events or Create Your Own & Sell Tickets  Skip Main Navigation Eventbrite autocomplete Organize Help Sign In Eventbrite Search button Menu Sign In autocompleteCancelPage Content Nous sommes à votre dispositionConsultez nos dernières informations sur le COVID-19 pour mieux vous protéger et gérer vos événements - pour les participants et les organisateurs. Popular in autocomplete Tous Pour vous Aujourd'hui Ce week-end Father's Day Father's Day Father's Day Gratuit Musique Gastronomie Œuvres de bienfaisance Site Navigation Use Eventbrite How It Works Pricing Eventbrite Mobile App Eventbrite Organiser App For Large & Complex Events Eventbrite App Marketplace Content Standards Event Marketing Strategy COVID-19 (Coronavirus) Resources Sitemap Plan Events Music Conference Management Software Food & Drink Charities Sell Tickets Event Listing Event Management Event Registration Online RSVP COVID-19 Safety Playbook for Events Find Events Dublin Events Galway Events Cork Events Limerick Events Kilkenny Events Waterford Events Sligo Events Wexford Events Virtual Events All Cities Connect With Us Contact Support Contact Business Development Twitter Facebook LinkedIn Instagram © 2021 Eventbrite How It Works Pricing Contact Support Contact Business Development About Blog Help Careers Press Investors Security Developers Terms Privacy Cookies Locale Ireland ArgentinaAustraliaBelgiëBelgiqueBrasilCanada (EN)Canada (FR)ChileColombiaDenmarkDeutschlandEspañaFinlandFranceHong KongIrelandItaliaMéxicoNederlandNew ZealandÖsterreichPerúPortugalSchweizSingaporeSuisseSverigeUnited KingdomUnited States
658931,20210618,eventbrite.ie,https://www.eventbrite.ie/,text/html,application/xhtml+xml,en,Eventbrite - Discover Great Events or Create Your Own & Sell Tickets  Skip Main Navigation Eventbrite autocomplete Organize Help Sign In Eventbrite Search button Menu Sign In autocompleteCancelPage Content We're here to helpSee our latest COVID-19 resources to stay safe and manage your events - for attendees and creators. Popular in autocomplete All For you Today This weekend Father's Day Father's Day Father's Day Free Music Food & Drink Charity & Causes Site Navigation Use Eventbrite How It Works Pricing Eventbrite Mobile App Eventbrite Organiser App For Large & Complex Events Eventbrite App Marketplace Content Standards Event Marketing Strategy COVID-19 (Coronavirus) Resources Sitemap Plan Events Music Conference Management Software Food & Drink Charities Sell Tickets Event Listing Event Management Event Registration Online RSVP COVID-19 Safety Playbook for Events Find Events Dublin Events Galway Events Cork Events Limerick Events Kilkenny Events Waterford Events Sligo Events Wexford Events Virtual Events All Cities Connect With Us Contact Support Contact Business Development Twitter Facebook LinkedIn Instagram © 2021 Eventbrite How It Works Pricing Contact Support Contact Business Development About Blog Help Careers Press Investors Security Developers Terms Privacy Cookies Locale Ireland ArgentinaAustraliaBelgiëBelgiqueBrasilCanada (EN)Canada (FR)ChileColombiaDenmarkDeutschlandEspañaFinlandFranceHong KongIrelandItaliaMéxicoNederlandNew ZealandÖsterreichPerúPortugalSchweizSingaporeSuisseSverigeUnited KingdomUnited States
664743,20210625,eventbrite.ie,https://www.eventbrite.ie/,text/html,application/xhtml+xml,en,Eventbrite - Discover Great Events or Create Your Own & Sell Tickets  Skip Main Navigation Eventbrite autocomplete Organize Help Sign In Eventbrite Search button Menu Sign In autocompleteCancelPage Content We're here to helpSee our latest COVID-19 resources to stay safe and manage your events - for attendees and creators. Popular in autocomplete All For you Today This weekend Free Music Food & Drink Charity & Causes Site Navigation Use Eventbrite How It Works Pricing Eventbrite Mobile App Eventbrite Organiser App For Large & Complex Events Eventbrite App Marketplace Content Standards Event Marketing Strategy COVID-19 (Coronavirus) Resources Sitemap Plan Events Music Conference Management Software Food & Drink Charities Sell Tickets Event Listing Event Management Event Registration Online RSVP COVID-19 Safety Playbook for Events Find Events Dublin Events Galway Events Cork Events Limerick Events Kilkenny Events Waterford Events Sligo Events Wexford Events Virtual Events All Cities Connect With Us Contact Support Contact Business Development Twitter Facebook LinkedIn Instagram © 2021 Eventbrite How It Works Pricing Contact Support Contact Business Development About Blog Help Careers Press Investors Security Developers Terms Privacy Cookies Locale Ireland ArgentinaAustraliaBelgiëBelgiqueBrasilCanada (EN)Canada (FR)ChileColombiaDenmarkDeutschlandEspañaFinlandFranceHong KongIrelandItaliaMéxicoNederlandNew ZealandÖsterreichPerúPortugalSchweizSingaporeSuisseSverigeUnited KingdomUnited States
670705,20210702,eventbrite.ie,https://www.eventbrite.ie/,text/html,application/xhtml+xml,en,Eventbrite - Discover Great Events or Create Your Own & Sell Tickets  Skip Main Navigation Eventbrite autocomplete Organize Help Sign In Eventbrite Search button Menu Sign In autocompleteCancelPage Content We're here to helpSee our latest COVID-19 resources to stay safe and manage your events - for attendees and creators. Popular in autocomplete All For you Today This weekend Naidoc Week Free Music Food & Drink Charity & Causes Site Navigation Use Eventbrite How It Works Pricing Eventbrite Mobile App Eventbrite Organiser App For Large & Complex Events Eventbrite App Marketplace Content Standards Event Marketing Strategy COVID-19 (Coronavirus) Resources Sitemap Plan Events Music Conference Management Software Food & Drink Charities Sell Tickets Event Listing Event Management Event Registration Online RSVP COVID-19 Safety Playbook for Events Find Events Dublin Events Galway Events Cork Events Limerick Events Kilkenny Events Waterford Events Sligo Events Wexford Events Virtual Events All Cities Connect With Us Contact Support Contact Business Development Twitter Facebook LinkedIn Instagram © 2021 Eventbrite How It Works Pricing Contact Support Contact Business Development About Blog Help Careers Press Investors Security Developers Terms Privacy Cookies Locale Ireland ArgentinaAustraliaBelgiëBelgiqueBrasilCanada (EN)Canada (FR)ChileColombiaDenmarkDeutschlandEspañaFinlandFranceHong KongIrelandItaliaMéxicoNederlandNew ZealandÖsterreichPerúPortugalSchweizSingaporeSuisseSverigeUnited KingdomUnited States
676647,20210709,eventbrite.ie,https://www.eventbrite.ie/,text/html,application/xhtml+xml,en,Eventbrite - Discover Great Events or Create Your Own & Sell Tickets  Skip Main Navigation Eventbrite autocomplete Organize Help Sign In Eventbrite Search button Menu Sign In autocompleteCancelPage Content We're here to helpSee our latest COVID-19 resources to stay safe and manage your events - for attendees and creators. Popular in autocomplete All For you Today This weekend Naidoc Week Free Music Food & Drink Charity & Causes Site Navigation Use Eventbrite How It Works Pricing Eventbrite Mobile App Eventbrite Organiser App For Large & Complex Events Eventbrite App Marketplace Content Standards Event Marketing Strategy COVID-19 (Coronavirus) Resources Sitemap Plan Events Music Conference Management Software Food & Drink Charities Sell Tickets Event Listing Event Management Event Registration Online RSVP COVID-19 Safety Playbook for Events Find Events Dublin Events Galway Events Cork Events Limerick Events Kilkenny Events Waterford Events Sligo Events Wexford Events Virtual Events All Cities Connect With Us Contact Support Contact Business Development Twitter Facebook LinkedIn Instagram © 2021 Eventbrite How It Works Pricing Contact Support Contact Business Development About Blog Help Careers Press Investors Security Developers Terms Privacy Cookies Locale Ireland ArgentinaAustraliaBelgiëBelgiqueBrasilCanada (EN)Canada (FR)ChileColombiaDenmarkDeutschlandEspañaFinlandFranceHong KongIrelandItaliaMéxicoNederlandNew ZealandÖsterreichPerúPortugalSchweizSingaporeSuisseSverigeUnited KingdomUnited States
682543,20210716,eventbrite.ie,https://www.eventbrite.ie/,text/html,application/xhtml+xml,en,Eventbrite - Discover Great Events or Create Your Own & Sell Tickets  Skip Main Navigation Eventbrite autocomplete Organize Help Sign In Eventbrite Search button Menu Sign In autocompleteCancelPage Content We're here to helpSee our latest COVID-19 resources to stay safe and manage your events - for attendees and creators. Popular in autocomplete All For you Today This weekend Free Music Food & Drink Charity & Causes Site Navigation Use Eventbrite How It Works Pricing Eventbrite Mobile App Eventbrite Organiser App For Large & Complex Events Eventbrite App Marketplace Content Standards Event Marketing Strategy COVID-19 (Coronavirus) Resources Sitemap Plan Events Music Conference Management Software Food & Drink Charities Sell Tickets Event Listing Event Management Event Registration Online RSVP COVID-19 Safety Playbook for Events Find Events Dublin Events Galway Events Cork Events Limerick Events Kilkenny Events Waterford Events Sligo Events Wexford Events Virtual Events All Cities Connect With Us Contact Support Contact Business Development Twitter Facebook LinkedIn Instagram © 2021 Eventbrite How It Works Pricing Contact Support Contact Business Development About Blog Help Careers Press Investors Security Developers Terms Privacy Cookies Locale Ireland ArgentinaAustraliaBelgiëBelgiqueBrasilCanada (EN)Canada (FR)ChileColombiaDenmarkDeutschlandEspañaFinlandFranceHong KongIrelandItaliaMéxicoNederlandNew ZealandÖsterreichPerúPortugalSchweizSingaporeSuisseSverigeUnited KingdomUnited States
688625,20210723,eventbrite.ie,https://www.eventbrite.ie/,text/html,application/xhtml+xml,en,Eventbrite - Discover Great Events or Create Your Own & Sell Tickets  Skip Main Navigation Eventbrite autocomplete Organise Help Sign In Eventbrite Search button Menu Sign In autocompleteCancelPage Content We're here to helpSee our latest COVID-19 resources to stay safe and manage your events - for attendees and creators. Popular in autocomplete All For you Today This weekend Eid Al Adha Free Music Food & Drink Charity & Causes Site Navigation Use Eventbrite How It Works Pricing Eventbrite Mobile App Eventbrite Organiser App For Large & Complex Events Eventbrite App Marketplace Content Standards Event Marketing Strategy COVID-19 (Coronavirus) Resources Sitemap Plan Events Music Conference Management Software Food & Drink Charities Sell Tickets Event Listing Event Management Event Registration Online RSVP COVID-19 Safety Playbook for Events Find Events Dublin Events Galway Events Cork Events Limerick Events Kilkenny Events Waterford Events Sligo Events Wexford Events Virtual Events All Cities Connect With Us Contact Support Contact Business Development Twitter Facebook LinkedIn Instagram © 2021 Eventbrite How It Works Pricing Contact Support Contact Business Development About Blog Help Careers Press Investors Security Developers Terms Privacy Cookies Locale Ireland ArgentinaAustraliaBelgiëBelgiqueBrasilCanada (EN)Canada (FR)ChileColombiaDenmarkDeutschlandEspañaFinlandFranceHong KongIrelandItaliaMéxicoNederlandNew ZealandÖsterreichPerúPortugalSchweizSingaporeSuisseSverigeUnited KingdomUnited States
694175,20210730,eventbrite.ie,https://www.eventbrite.ie/,text/html,application/xhtml+xml,en,Eventbrite - Discover Great Events or Create Your Own & Sell Tickets  Skip Main Navigation Eventbrite autocomplete Organise Help Sign In Eventbrite Search button Menu Sign In autocompleteCancelPage Content We're here to helpSee our latest COVID-19 resources to stay safe and manage your events - for attendees and creators. Popular in autocomplete All For you Online Today This weekend Free Music Food & Drink Charity & Causes Site Navigation Use Eventbrite How It Works Pricing Eventbrite Mobile App Eventbrite Organiser App For Large & Complex Events Eventbrite App Marketplace Content Standards Event Marketing Strategy COVID-19 (Coronavirus) Resources Sitemap Plan Events Music Conference Management Software Food & Drink Charities Sell Tickets Event Listing Event Management Event Registration Online RSVP COVID-19 Safety Playbook for Events Find Events Dublin Events Galway Events Cork Events Limerick Events Kilkenny Events Waterford Events Sligo Events Wexford Events Virtual Events All Cities Connect With Us Contact Support Contact Business Development Twitter Facebook LinkedIn Instagram © 2021 Eventbrite How It Works Pricing Contact Support Contact Business Development About Blog Help Careers Press Investors Security Developers Terms Privacy Cookies Locale Ireland ArgentinaAustraliaBelgiëBelgiqueBrasilCanada (EN)Canada (FR)ChileColombiaDenmarkDeutschlandEspañaFinlandFranceHong KongIrelandItaliaMéxicoNederlandNew ZealandÖsterreichPerúPortugalSchweizSingaporeSuisseSverigeUnited KingdomUnited States
700089,20210806,eventbrite.ie,https://www.eventbrite.ie/,text/html,application/xhtml+xml,en,Eventbrite - Discover Great Events or Create Your Own & Sell Tickets  Skip Main Navigation Eventbrite autocomplete Organise Help Sign In Eventbrite Search button Sign In autocompleteCancelPage Content We're here to helpSee our latest COVID-19 resources to stay safe and manage your events - for attendees and creators. Popular in autocomplete All For you Online Today This weekend Free Music Food & Drink Charity & Causes Site Navigation Use Eventbrite How It Works Pricing Eventbrite Mobile App Eventbrite Organiser App For Large & Complex Events Eventbrite App Marketplace Content Standards Event Marketing Strategy COVID-19 (Coronavirus) Resources Sitemap Plan Events Music Conference Management Software Food & Drink Charities Sell Tickets Event Listing Event Management Event Registration Online RSVP COVID-19 Safety Playbook for Events Find Events Dublin Events Galway Events Cork Events Limerick Events Kilkenny Events Waterford Events Sligo Events Wexford Events Virtual Events All Cities Connect With Us Contact Support Contact Business Development Twitter Facebook LinkedIn Instagram © 2021 Eventbrite How It Works Pricing Contact Support Contact Business Development About Blog Help Careers Press Investors Security Developers Terms Privacy Cookies Locale Ireland ArgentinaAustraliaBelgiëBelgiqueBrasilCanada (EN)Canada (FR)ChileColombiaDenmarkDeutschlandEspañaFinlandFranceHong KongIrelandItaliaMéxicoNederlandNew ZealandÖsterreichPerúPortugalSchweizSingaporeSuisseSverigeUnited KingdomUnited States
706675,20210813,eventbrite.ie,https://www.eventbrite.ie/,text/html,application/xhtml+xml,en,Eventbrite - Discover Great Events or Create Your Own & Sell Tickets  Skip Main Navigation Eventbrite autocomplete Organise Help Sign In Eventbrite Search button Sign In autocompleteCancelPage Content We're here to helpSee our latest COVID-19 resources to stay safe and manage your events - for attendees and creators. Popular in autocomplete All For you Online Today This weekend Labour day Free Music Food & Drink Charity & Causes Site Navigation Use Eventbrite How It Works Pricing Eventbrite Mobile App Eventbrite Organiser App For Large & Complex Events Eventbrite App Marketplace Content Standards Event Marketing Strategy COVID-19 (Coronavirus) Resources Sitemap Plan Events Music Conference Management Software Food & Drink Charities Sell Tickets Event Listing Event Management Event Registration Online RSVP COVID-19 Safety Playbook for Events Find Events Dublin Events Galway Events Cork Events Limerick Events Kilkenny Events Waterford Events Sligo Events Wexford Events Virtual Events All Cities Connect With Us Contact Support Contact Business Development Twitter Facebook LinkedIn Instagram © 2021 Eventbrite How It Works Pricing Contact Support Contact Business Development About Blog Help Careers Press Investors Security Developers Terms Privacy Cookies Locale Ireland ArgentinaAustraliaBelgiëBelgiqueBrasilCanada (EN)Canada (FR)ChileColombiaDenmarkDeutschlandEspañaFinlandFranceHong KongIrelandItaliaMéxicoNederlandNew ZealandÖsterreichPerúPortugalSchweizSingaporeSuisseSverigeUnited KingdomUnited States
713219,20210820,eventbrite.ie,https://www.eventbrite.ie/,text/html,application/xhtml+xml,en,Eventbrite - Discover Great Events or Create Your Own & Sell Tickets  Skip Main Navigation Eventbrite autocomplete Organise Help Sign In Eventbrite Search button Sign In autocompleteCancelPage Content We're here to helpSee our latest COVID-19 resources to stay safe and manage your events - for attendees and creators. Popular in autocomplete All For you Online Today This weekend Labour day Free Music Food & Drink Charity & Causes Site Navigation Use Eventbrite How It Works Pricing Eventbrite Mobile App Eventbrite Organiser App For Large & Complex Events Eventbrite App Marketplace Content Standards Event Marketing Strategy COVID-19 (Coronavirus) Resources Sitemap Plan Events Music Conference Management Software Food & Drink Charities Sell Tickets Event Listing Event Management Event Registration Online RSVP COVID-19 Safety Playbook for Events Find Events Dublin Events Galway Events Cork Events Limerick Events Kilkenny Events Waterford Events Sligo Events Wexford Events Virtual Events All Cities Connect With Us Contact Support Contact Business Development Twitter Facebook LinkedIn Instagram © 2021 Eventbrite How It Works Pricing Contact Support Contact Business Development About Blog Help Careers Press Investors Security Developers Terms Privacy Cookies Locale Ireland ArgentinaAustraliaBelgiëBelgiqueBrasilCanada (EN)Canada (FR)ChileColombiaDenmarkDeutschlandEspañaFinlandFranceHong KongIrelandItaliaMéxicoNederlandNew ZealandÖsterreichPerúPortugalSchweizSingaporeSuisseSverigeUnited KingdomUnited States
719688,20210827,eventbrite.ie,https://www.eventbrite.ie/,text/html,application/xhtml+xml,en,Eventbrite - Discover Great Events or Create Your Own & Sell Tickets  Skip Main Navigation Eventbrite autocomplete Organise Help Sign In Eventbrite Search button Sign In autocompleteCancelPage Content We're here to helpSee our latest COVID-19 resources to stay safe and manage your events - for attendees and creators. Popular in autocomplete All For you Online Today This weekend Labour day Free Music Food & Drink Charity & Causes Site Navigation Use Eventbrite How It Works Pricing Eventbrite Mobile App Eventbrite Organiser App For Large & Complex Events Eventbrite App Marketplace Content Standards Event Marketing Strategy COVID-19 (Coronavirus) Resources Sitemap Plan Events Music Conference Management Software Food & Drink Charities Sell Tickets Event Listing Event Management Event Registration Online RSVP COVID-19 Safety Playbook for Events Find Events Dublin Events Galway Events Cork Events Limerick Events Kilkenny Events Waterford Events Sligo Events Wexford Events Virtual Events All Cities Connect With Us Contact Support Contact Business Development Twitter Facebook LinkedIn Instagram © 2021 Eventbrite How It Works Pricing Contact Support Contact Business Development About Blog Help Careers Press Investors Security Developers Terms Privacy Cookies Locale Ireland ArgentinaAustraliaBelgiëBelgiqueBrasilCanada (EN)Canada (FR)ChileColombiaDenmarkDeutschlandEspañaFinlandFranceHong KongIrelandItaliaMéxicoNederlandNew ZealandÖsterreichPerúPortugalSchweizSingaporeSuisseSverigeUnited KingdomUnited States
725454,20210903,eventbrite.ie,https://www.eventbrite.ie/,text/html,application/xhtml+xml,en,Eventbrite - Discover Great Events or Create Your Own & Sell Tickets  Skip Main Navigation Eventbrite autocomplete Organise Help Sign In Eventbrite Search button Sign In autocompleteCancelPage Content We're here to helpSee our latest COVID-19 resources to stay safe and manage your events - for attendees and creators. Popular in autocomplete All For you Online Today This weekend Labour day Free Music Food & Drink Charity & Causes Site Navigation Use Eventbrite How It Works Pricing Eventbrite Mobile App Eventbrite Organiser App For Large & Complex Events Eventbrite App Marketplace Content Standards Event Marketing Strategy COVID-19 (Coronavirus) Resources Sitemap Plan Events Music Conference Management Software Food & Drink Charities Sell Tickets Event Listing Event Management Event Registration Online RSVP COVID-19 Safety Playbook for Events Find Events Dublin Events Galway Events Cork Events Limerick Events Kilkenny Events Waterford Events Sligo Events Wexford Events Virtual Events All Cities Connect With Us Contact Support Contact Business Development Twitter Facebook LinkedIn Instagram © 2021 Eventbrite How It Works Pricing Contact Support Contact Business Development About Blog Help Careers Press Investors Security Developers Terms Privacy Cookies Locale Ireland ArgentinaAustraliaBelgiëBelgiqueBrasilCanada (EN)Canada (FR)ChileColombiaDenmarkDeutschlandEspañaFinlandFranceHong KongIrelandItaliaMéxicoNederlandNew ZealandÖsterreichPerúPortugalSchweizSingaporeSuisseSverigeUnited KingdomUnited States
731149,20210910,eventbrite.ie,https://www.eventbrite.ie/,text/html,application/xhtml+xml,en,Eventbrite - Discover Great Events or Create Your Own & Sell Tickets  Skip Main Navigation Eventbrite autocomplete Organise Help Sign In Eventbrite Search button Sign In autocompleteCancelPage Content We're here to helpSee our latest COVID-19 resources to stay safe and manage your events - for attendees and creators. Popular in autocomplete All For you Online Today This weekend Free Music Food & Drink Charity & Causes Site Navigation Use Eventbrite How It Works Pricing Eventbrite Mobile App Eventbrite Organiser App For Large & Complex Events Eventbrite App Marketplace Content Standards Event Marketing Strategy COVID-19 (Coronavirus) Resources Sitemap Plan Events Music Conference Management Software Food & Drink Charities Sell Tickets Event Listing Event Management Event Registration Online RSVP COVID-19 Safety Playbook for Events Find Events Dublin Events Galway Events Cork Events Limerick Events Kilkenny Events Waterford Events Sligo Events Wexford Events Virtual Events All Cities Connect With Us Contact Support Contact Business Development Twitter Facebook LinkedIn Instagram © 2021 Eventbrite How It Works Pricing Contact Support Contact Business Development About Blog Help Careers Press Investors Security Developers Terms Privacy Cookies Locale Ireland ArgentinaAustraliaBelgiëBelgiqueBrasilCanada (EN)Canada (FR)ChileColombiaDenmarkDeutschlandEspañaFinlandFranceHong KongIrelandItaliaMéxicoNederlandNew ZealandÖsterreichPerúPortugalSchweizSingaporeSuisseSverigeUnited KingdomUnited States
736937,20210917,eventbrite.ie,https://www.eventbrite.ie/,text/html,text/html,en,Eventbrite - Discover Great Events or Create Your Own & Sell Tickets  Skip Main Navigation Eventbrite autocomplete Organise Help Sign In Eventbrite Search button Sign In autocompleteCancelPage Content We're here to helpSee our latest COVID-19 resources to stay safe and manage your events - for attendees and creators. Popular in autocomplete All For you Online Today This weekend Free Music Food & Drink Charity & Causes Site Navigation Use Eventbrite How It Works Pricing Eventbrite Mobile App Eventbrite Organiser App For Large & Complex Events Eventbrite App Marketplace Content Standards Event Marketing Strategy COVID-19 (Coronavirus) Resources Sitemap Plan Events Music Conference Management Software Food & Drink Charities Sell Tickets Event Listing Event Management Event Registration Online RSVP COVID-19 Safety Playbook for Events Find Events Dublin Events Galway Events Cork Events Limerick Events Kilkenny Events Waterford Events Sligo Events Wexford Events Virtual Events All Cities Connect With Us Contact Support Contact Business Development Twitter Facebook LinkedIn Instagram © 2021 Eventbrite How It Works Pricing Contact Support Contact Business Development About Blog Help Careers Press Investors Security Developers Terms Privacy Cookies Locale Ireland ArgentinaAustraliaBelgiëBelgiqueBrasilCanada (EN)Canada (FR)ChileColombiaDenmarkDeutschlandEspañaFinlandFranceHong KongIrelandItaliaMéxicoNederlandNew ZealandÖsterreichPerúPortugalSchweizSingaporeSuisseSverigeUnited KingdomUnited States
754432,20211008,eventbrite.ie,https://www.eventbrite.ie/,text/html,application/xhtml+xml,en,Eventbrite - Discover Great Events or Create Your Own & Sell Tickets  Your version of Internet Explorer is not longer supported. Please upgrade your browser. Skip Main Navigation Eventbrite autocomplete Organise Help Sign In Eventbrite Search button Sign In autocompleteCancelPage Content We're here to helpSee our latest COVID-19 resources to stay safe and manage your events - for attendees and creators. Popular in autocomplete All For you Online Today This weekend Halloween Black History Month Diwali Free Music Food & Drink Charity & Causes Site Navigation Use Eventbrite How It Works Pricing Eventbrite Mobile App Eventbrite Organiser App For Large & Complex Events Eventbrite App Marketplace Content Standards Event Marketing Strategy COVID-19 (Coronavirus) Resources Sitemap Plan Events Music Conference Management Software Food & Drink Charities Sell Tickets Event Listing Event Management Event Registration Online RSVP COVID-19 Safety Playbook for Events Find Events Dublin Events Galway Events Cork Events Limerick Events Kilkenny Events Waterford Events Sligo Events Wexford Events Virtual Events All Cities Connect With Us Contact Support Contact Business Development Twitter Facebook LinkedIn Instagram © 2021 Eventbrite How It Works Pricing Contact Support Contact Business Development About Blog Help Careers Press Investors Security Developers Terms Privacy Accessibility Cookies Locale Ireland ArgentinaAustraliaBelgiëBelgiqueBrasilCanada (EN)Canada (FR)ChileColombiaDenmarkDeutschlandEspañaFinlandFranceHong KongIrelandItaliaMéxicoNederlandNew ZealandÖsterreichPerúPortugalSchweizSingaporeSuisseSverigeUnited KingdomUnited States
